<?xml version="1.0" encoding="UTF-8"?>
<LightningComponentBundle xmlns="http://soap.sforce.com/2006/04/metadata">
    <apiVersion>55.0</apiVersion>
    <isExposed>true</isExposed>
    <targets>
        <target>lightningCommunity__Page</target>
        <target>lightningCommunity__Default</target>
        <target>lightning__AppPage</target>
         <target>lightning__RecordPage</target>
         <target>lightning__HomePage</target>
    </targets>
    <targetConfigs>
        <targetConfig targets="lightning__HomePage">
            <!--Search by keyvalue-->
            <property name="ObjectAPIName" type="String" default="Account"/>
             <!--Search by field-->
            <property name="SearchByfieldName" type="String" default="Name"/>
            <property name="Fields" type="String" default="Name, NumberOfEmployees, Owner.Name, Site, AnnualRevenue"/>
            <property name="TableColumns" type="String" default="[{label:'Name',fieldName:'Name' }, {label:'AccountSite',fieldName: 'Site'},{ label:'Account Owner',fieldName:'Owner_Name'},{label:'AnnualRevenue', fieldName:'AnnualRevenue'}, {label:'NumberOfEmployees', fieldName:'NumberOfEmployees'}]"/>
            <property name="Title" type="String"/>
        </targetConfig>
    </targetConfigs>
</LightningComponentBundle>